{
  "version": 1,
  "author": "Sivaraman 32",
  "editor": "wokwi",
  "parts": [
    { "type": "wokwi-breadboard-half", "id": "bb1", "top": 16.2, "left": 146.8, "attrs": {} },
    { "type": "wokwi-arduino-uno", "id": "uno", "top": 82, "left": -219.33, "attrs": {} },
    {
      "type": "wokwi-pir-motion-sensor",
      "id": "pir1",
      "top": -104.53,
      "left": -139.65,
      "attrs": {}
    },
    { "type": "wokwi-led", "id": "led1", "top": 34.8, "left": 205.4, "attrs": { "color": "red" } },
    {
      "type": "wokwi-resistor",
      "id": "r1",
      "top": 120,
      "left": 191.45,
      "rotate": 90,
      "attrs": { "value": "1000" }
    },
    {
      "type": "wokwi-buzzer",
      "id": "bz1",
      "top": -122.3,
      "left": 295.08,
      "attrs": { "volume": "0.1" }
    },
    {
      "type": "wokwi-resistor",
      "id": "r2",
      "top": 120,
      "left": 306.65,
      "rotate": 90,
      "attrs": { "value": "1000" }
    }
  ],
  "connections": [
    [ "uno:5V", "bb1:bn.24", "#8f4814", [ "v41.5", "h499.33" ] ],
    [ "uno:GND.2", "bb1:bp.23", "black", [ "v30.83", "h480.23" ] ],
    [ "bb1:bp.25", "bb1:tp.25", "black", [ "v0" ] ],
    [ "bb1:bn.22", "bb1:tn.22", "green", [ "v0" ] ],
    [ "pir1:GND", "bb1:tp.18", "black", [ "v-4.47", "h454.81" ] ],
    [ "pir1:OUT", "bb1:tn.17", "#8f4814", [ "v5.53", "h454.93" ] ],
    [ "pir1:VCC", "uno:2", "red", [ "v22.2", "h118.64" ] ],
    [ "uno:12", "bb1:7t.d", "blue", [ "v-60.27", "h226.69", "v65.27" ] ],
    [ "bb1:6b.j", "bb1:bp.5", "black", [ "v24.78", "h-1.29" ] ],
    [ "led1:A", "bb1:7t.b", "", [ "$bb" ] ],
    [ "led1:C", "bb1:6t.b", "", [ "$bb" ] ],
    [ "r1:1", "bb1:6t.d", "", [ "$bb" ] ],
    [ "r1:2", "bb1:6b.h", "", [ "$bb" ] ],
    [ "r2:1", "bb1:18t.d", "", [ "$bb" ] ],
    [ "r2:2", "bb1:18b.h", "", [ "$bb" ] ],
    [ "bz1:2", "bb1:18t.c", "black", [ "v0" ] ],
    [ "bb1:18b.j", "bb1:bp.15", "black", [ "v0" ] ],
    [ "uno:13", "bb1:14t.c", "violet", [ "v-42.1", "h202.32", "v37.5" ] ],
    [ "bz1:1", "bb1:14t.b", "violet", [ "h-30.71", "v115.1" ] ]
  ],
  "dependencies": {}
}